CbTagName ;Date ;Label_Hour ;AvgP 
CB First Floor;01/02/2019;00;77
CB First Floor;01/02/2019;01;76
CB First Floor;01/02/2019;02;77
CB First Floor;01/02/2019;03;77
CB First Floor;01/02/2019;04;75
CB First Floor;01/02/2019;05;77
CB First Floor;01/02/2019;06;80
CB First Floor;01/02/2019;07;91
CB First Floor;01/02/2019;08;113
CB First Floor;01/02/2019;09;122
CB First Floor;01/02/2019;10;120
CB First Floor;01/02/2019;11;125
CB First Floor;01/02/2019;12;127
CB First Floor;01/02/2019;13;130
CB First Floor;01/02/2019;14;131
CB First Floor;01/02/2019;15;117
CB First Floor;01/02/2019;16;115
CB First Floor;01/02/2019;17;106
CB First Floor;01/02/2019;18;96
CB First Floor;01/02/2019;19;89
CB First Floor;01/02/2019;20;83
CB First Floor;01/02/2019;21;84
CB First Floor;01/02/2019;22;82
CB First Floor;01/02/2019;23;80
CB First Floor;02/02/2019;00;80
CB First Floor;02/02/2019;01;80
CB First Floor;02/02/2019;02;78
CB First Floor;02/02/2019;03;78
CB First Floor;02/02/2019;04;78
CB First Floor;02/02/2019;05;78
CB First Floor;02/02/2019;06;79
CB First Floor;02/02/2019;07;78
CB First Floor;02/02/2019;08;80
CB First Floor;02/02/2019;09;70
CB First Floor;02/02/2019;10;63
CB First Floor;02/02/2019;11;59
CB First Floor;02/02/2019;12;56
CB First Floor;02/02/2019;13;55
CB First Floor;02/02/2019;14;56
CB First Floor;02/02/2019;15;57
CB First Floor;02/02/2019;16;56
CB First Floor;02/02/2019;17;55
CB First Floor;02/02/2019;18;55
CB First Floor;02/02/2019;19;55
CB First Floor;02/02/2019;20;55
CB First Floor;02/02/2019;21;56
CB First Floor;02/02/2019;22;56
CB First Floor;02/02/2019;23;56
CB First Floor;03/02/2019;00;56
CB First Floor;03/02/2019;01;57
CB First Floor;03/02/2019;02;57
CB First Floor;03/02/2019;03;58
CB First Floor;03/02/2019;04;57
CB First Floor;03/02/2019;05;57
CB First Floor;03/02/2019;06;56
CB First Floor;03/02/2019;07;56
CB First Floor;03/02/2019;08;56
CB First Floor;03/02/2019;09;56
CB First Floor;03/02/2019;10;54
CB First Floor;03/02/2019;11;54
CB First Floor;03/02/2019;12;53
CB First Floor;03/02/2019;13;54
CB First Floor;03/02/2019;14;53
CB First Floor;03/02/2019;15;53
CB First Floor;03/02/2019;16;53
CB First Floor;03/02/2019;17;53
CB First Floor;03/02/2019;18;53
CB First Floor;03/02/2019;19;55
CB First Floor;03/02/2019;20;55
CB First Floor;03/02/2019;21;56
CB First Floor;03/02/2019;22;57
CB First Floor;04/02/2019;23;68
CB First Floor;04/02/2019;00;58
CB First Floor;04/02/2019;01;59
CB First Floor;04/02/2019;02;61
CB First Floor;04/02/2019;03;62
CB First Floor;04/02/2019;04;62
CB First Floor;04/02/2019;05;63
CB First Floor;04/02/2019;06;70
CB First Floor;04/02/2019;07;80
CB First Floor;04/02/2019;08;96
CB First Floor;04/02/2019;09;106
CB First Floor;04/02/2019;10;108
CB First Floor;04/02/2019;11;110
CB First Floor;04/02/2019;12;116
CB First Floor;04/02/2019;13;119
CB First Floor;04/02/2019;14;120
CB First Floor;04/02/2019;15;103
CB First Floor;04/02/2019;16;99
CB First Floor;04/02/2019;17;97
CB First Floor;04/02/2019;18;87
CB First Floor;04/02/2019;19;78
CB First Floor;04/02/2019;20;72
CB First Floor;04/02/2019;21;71
CB First Floor;04/02/2019;22;68
CB First Floor;05/02/2019;00;65
CB First Floor;05/02/2019;01;67
CB First Floor;05/02/2019;02;66
CB First Floor;05/02/2019;03;68
CB First Floor;05/02/2019;04;67
CB First Floor;05/02/2019;05;71
CB First Floor;05/02/2019;06;76
CB First Floor;05/02/2019;07;83
CB First Floor;05/02/2019;08;108
CB First Floor;05/02/2019;09;107
CB First Floor;05/02/2019;10;108
CB First Floor;05/02/2019;11;113
CB First Floor;05/02/2019;12;119
CB First Floor;05/02/2019;13;127
CB First Floor;05/02/2019;14;121
CB First Floor;05/02/2019;15;109
CB First Floor;05/02/2019;16;109
CB First Floor;05/02/2019;17;105
CB First Floor;05/02/2019;18;95
CB First Floor;05/02/2019;19;86
CB First Floor;05/02/2019;20;79
CB First Floor;05/02/2019;21;77
CB First Floor;05/02/2019;22;75
CB First Floor;05/02/2019;23;74
CB First Floor;06/02/2019;00;74
CB First Floor;06/02/2019;01;74
CB First Floor;06/02/2019;02;74
CB First Floor;06/02/2019;03;75
CB First Floor;06/02/2019;04;74
CB First Floor;06/02/2019;05;75
CB First Floor;06/02/2019;06;83
CB First Floor;06/02/2019;07;89
CB First Floor;06/02/2019;08;110
CB First Floor;06/02/2019;09;107
CB First Floor;06/02/2019;10;105
CB First Floor;06/02/2019;11;105
CB First Floor;06/02/2019;12;121
CB First Floor;06/02/2019;13;122
CB First Floor;06/02/2019;14;117
CB First Floor;06/02/2019;15;103
CB First Floor;06/02/2019;16;103
CB First Floor;06/02/2019;17;98
CB First Floor;06/02/2019;18;90
CB First Floor;06/02/2019;19;83
CB First Floor;06/02/2019;20;78
CB First Floor;06/02/2019;21;74
CB First Floor;06/02/2019;22;73
CB First Floor;06/02/2019;23;70
CB First Floor;07/02/2019;00;71
CB First Floor;07/02/2019;01;72
CB First Floor;07/02/2019;02;72
CB First Floor;07/02/2019;03;71
CB First Floor;07/02/2019;04;71
CB First Floor;07/02/2019;05;72
CB First Floor;07/02/2019;06;81
CB First Floor;07/02/2019;07;88
CB First Floor;07/02/2019;08;107
CB First Floor;07/02/2019;09;106
CB First Floor;07/02/2019;10;107
CB First Floor;07/02/2019;11;116
CB First Floor;07/02/2019;12;122
CB First Floor;07/02/2019;13;123
CB First Floor;07/02/2019;14;123
CB First Floor;07/02/2019;15;107
CB First Floor;07/02/2019;16;106
CB First Floor;07/02/2019;17;101
CB First Floor;07/02/2019;18;89
CB First Floor;07/02/2019;19;79
CB First Floor;07/02/2019;20;74
CB First Floor;07/02/2019;21;69
CB First Floor;07/02/2019;22;70
CB First Floor;07/02/2019;23;69
CB First Floor;08/02/2019;00;71
CB First Floor;08/02/2019;01;70
CB First Floor;08/02/2019;02;71
CB First Floor;08/02/2019;03;71
CB First Floor;08/02/2019;04;71
CB First Floor;08/02/2019;05;72
CB First Floor;08/02/2019;06;79
CB First Floor;08/02/2019;07;87
CB First Floor;08/02/2019;08;101
CB First Floor;08/02/2019;09;103
CB First Floor;08/02/2019;10;104
CB First Floor;08/02/2019;11;110
CB First Floor;08/02/2019;12;111
CB First Floor;08/02/2019;13;123
CB First Floor;08/02/2019;14;121
CB First Floor;08/02/2019;15;106
CB First Floor;08/02/2019;16;103
CB First Floor;08/02/2019;17;101
CB First Floor;08/02/2019;18;90
CB First Floor;08/02/2019;19;80
CB First Floor;08/02/2019;20;75
CB First Floor;08/02/2019;21;73
CB First Floor;08/02/2019;22;73
CB First Floor;08/02/2019;23;72
CB First Floor;09/02/2019;00;71
CB First Floor;09/02/2019;01;72
CB First Floor;09/02/2019;02;72
CB First Floor;09/02/2019;03;72
CB First Floor;09/02/2019;04;72
CB First Floor;09/02/2019;05;72
CB First Floor;09/02/2019;06;72
CB First Floor;09/02/2019;07;71
CB First Floor;09/02/2019;08;76
CB First Floor;09/02/2019;09;75
CB First Floor;09/02/2019;10;74
CB First Floor;09/02/2019;11;75
CB First Floor;09/02/2019;12;72
CB First Floor;09/02/2019;13;71
CB First Floor;09/02/2019;14;69
CB First Floor;09/02/2019;15;69
CB First Floor;09/02/2019;16;69
CB First Floor;09/02/2019;17;70
CB First Floor;09/02/2019;18;68
CB First Floor;09/02/2019;19;69
CB First Floor;09/02/2019;20;68
CB First Floor;09/02/2019;21;68
CB First Floor;09/02/2019;22;68
CB First Floor;09/02/2019;23;68
CB First Floor;10/02/2019;00;67
CB First Floor;10/02/2019;01;67
CB First Floor;10/02/2019;02;67
CB First Floor;10/02/2019;03;65
CB First Floor;10/02/2019;04;62
CB First Floor;10/02/2019;05;61
CB First Floor;10/02/2019;06;60
CB First Floor;10/02/2019;07;59
CB First Floor;10/02/2019;08;58
CB First Floor;10/02/2019;09;56
CB First Floor;10/02/2019;10;55
CB First Floor;10/02/2019;11;54
CB First Floor;10/02/2019;12;54
CB First Floor;10/02/2019;13;55
CB First Floor;10/02/2019;14;54
CB First Floor;10/02/2019;15;54
CB First Floor;10/02/2019;16;53
CB First Floor;10/02/2019;17;53
CB First Floor;10/02/2019;18;52
CB First Floor;10/02/2019;19;53
CB First Floor;10/02/2019;20;54
CB First Floor;10/02/2019;21;53
CB First Floor;10/02/2019;22;54
CB First Floor;10/02/2019;23;55
CB First Floor;11/02/2019;00;55
CB First Floor;11/02/2019;01;55
CB First Floor;11/02/2019;02;58
CB First Floor;11/02/2019;03;73
CB First Floor;11/02/2019;04;73
CB First Floor;11/02/2019;05;76
CB First Floor;11/02/2019;06;82
CB First Floor;11/02/2019;07;90
CB First Floor;11/02/2019;08;108
CB First Floor;11/02/2019;09;109
CB First Floor;11/02/2019;10;108
CB First Floor;11/02/2019;11;113
CB First Floor;11/02/2019;12;122
CB First Floor;11/02/2019;13;123
CB First Floor;11/02/2019;14;116
CB First Floor;11/02/2019;15;111
CB First Floor;11/02/2019;16;109
CB First Floor;11/02/2019;17;107
CB First Floor;11/02/2019;18;98
CB First Floor;11/02/2019;19;87
CB First Floor;11/02/2019;20;84
CB First Floor;11/02/2019;21;81
CB First Floor;11/02/2019;22;78
CB First Floor;11/02/2019;23;76
CB First Floor;12/02/2019;00;76
CB First Floor;12/02/2019;01;76
CB First Floor;12/02/2019;02;75
CB First Floor;12/02/2019;03;75
CB First Floor;12/02/2019;04;75
CB First Floor;12/02/2019;05;76
CB First Floor;12/02/2019;06;85
CB First Floor;12/02/2019;07;92
CB First Floor;12/02/2019;08;110
CB First Floor;12/02/2019;09;113
CB First Floor;12/02/2019;10;113
CB First Floor;12/02/2019;11;121
CB First Floor;12/02/2019;12;124
CB First Floor;12/02/2019;13;128
CB First Floor;12/02/2019;14;119
CB First Floor;12/02/2019;15;114
CB First Floor;12/02/2019;16;112
CB First Floor;12/02/2019;17;105
CB First Floor;12/02/2019;18;93
CB First Floor;12/02/2019;19;85
CB First Floor;12/02/2019;20;80
CB First Floor;12/02/2019;21;78
CB First Floor;12/02/2019;22;73
CB First Floor;13/02/2019;23;67
CB First Floor;13/02/2019;00;74
CB First Floor;13/02/2019;01;73
CB First Floor;13/02/2019;02;74
CB First Floor;13/02/2019;03;73
CB First Floor;13/02/2019;04;74
CB First Floor;13/02/2019;05;75
CB First Floor;13/02/2019;06;86
CB First Floor;13/02/2019;07;94
CB First Floor;13/02/2019;08;110
CB First Floor;13/02/2019;09;107
CB First Floor;13/02/2019;10;108
CB First Floor;13/02/2019;11;110
CB First Floor;13/02/2019;12;120
CB First Floor;13/02/2019;13;123
CB First Floor;13/02/2019;14;118
CB First Floor;13/02/2019;15;107
CB First Floor;13/02/2019;16;102
CB First Floor;13/02/2019;17;99
CB First Floor;13/02/2019;18;90
CB First Floor;13/02/2019;19;77
CB First Floor;13/02/2019;20;73
CB First Floor;13/02/2019;21;71
CB First Floor;13/02/2019;22;70
CB First Floor;14/02/2019;00;67
CB First Floor;14/02/2019;01;68
CB First Floor;14/02/2019;02;68
CB First Floor;14/02/2019;03;67
CB First Floor;14/02/2019;04;68
CB First Floor;14/02/2019;05;68
CB First Floor;14/02/2019;06;74
CB First Floor;14/02/2019;07;86
CB First Floor;14/02/2019;08;108
CB First Floor;14/02/2019;09;110
CB First Floor;14/02/2019;10;106
CB First Floor;14/02/2019;11;111
CB First Floor;14/02/2019;12;114
CB First Floor;14/02/2019;13;116
CB First Floor;14/02/2019;14;112
CB First Floor;14/02/2019;15;108
CB First Floor;14/02/2019;16;97
CB First Floor;14/02/2019;17;94
CB First Floor;14/02/2019;18;83
CB First Floor;14/02/2019;19;72
CB First Floor;14/02/2019;20;69
CB First Floor;14/02/2019;21;68
CB First Floor;14/02/2019;22;67
CB First Floor;14/02/2019;23;67
CB First Floor;15/02/2019;00;65
CB First Floor;15/02/2019;01;65
CB First Floor;15/02/2019;02;65
CB First Floor;15/02/2019;03;66
CB First Floor;15/02/2019;04;66
CB First Floor;15/02/2019;05;65
CB First Floor;15/02/2019;06;70
CB First Floor;15/02/2019;07;79
CB First Floor;15/02/2019;08;98
CB First Floor;15/02/2019;09;100
CB First Floor;15/02/2019;10;96
CB First Floor;15/02/2019;11;107
CB First Floor;15/02/2019;12;111
CB First Floor;15/02/2019;13;114
CB First Floor;15/02/2019;14;109
CB First Floor;15/02/2019;15;98
CB First Floor;15/02/2019;16;93
CB First Floor;15/02/2019;17;90
CB First Floor;15/02/2019;18;79
CB First Floor;15/02/2019;19;70
CB First Floor;15/02/2019;20;65
CB First Floor;15/02/2019;21;64
CB First Floor;15/02/2019;22;62
CB First Floor;15/02/2019;23;62
CB First Floor;16/02/2019;00;63
CB First Floor;16/02/2019;01;61
CB First Floor;16/02/2019;02;64
CB First Floor;16/02/2019;03;64
CB First Floor;16/02/2019;04;64
CB First Floor;16/02/2019;05;65
CB First Floor;16/02/2019;06;64
CB First Floor;16/02/2019;07;65
CB First Floor;16/02/2019;08;67
CB First Floor;16/02/2019;09;67
CB First Floor;16/02/2019;10;65
CB First Floor;16/02/2019;11;66
CB First Floor;16/02/2019;12;63
CB First Floor;16/02/2019;13;62
CB First Floor;16/02/2019;14;61
CB First Floor;16/02/2019;15;62
CB First Floor;16/02/2019;16;60
CB First Floor;16/02/2019;17;58
CB First Floor;16/02/2019;18;58
CB First Floor;16/02/2019;19;58
CB First Floor;16/02/2019;20;60
CB First Floor;16/02/2019;21;59
CB First Floor;16/02/2019;22;61
CB First Floor;16/02/2019;23;61
CB First Floor;17/02/2019;00;61
CB First Floor;17/02/2019;01;61
CB First Floor;17/02/2019;02;63
CB First Floor;17/02/2019;03;63
CB First Floor;17/02/2019;04;62
CB First Floor;17/02/2019;05;64
CB First Floor;17/02/2019;06;64
CB First Floor;17/02/2019;07;64
CB First Floor;17/02/2019;08;62
CB First Floor;17/02/2019;09;61
CB First Floor;17/02/2019;10;64
CB First Floor;17/02/2019;11;62
CB First Floor;17/02/2019;12;63
CB First Floor;17/02/2019;13;63
CB First Floor;17/02/2019;14;63
CB First Floor;17/02/2019;15;61
CB First Floor;17/02/2019;16;62
CB First Floor;17/02/2019;17;61
CB First Floor;17/02/2019;18;61
CB First Floor;17/02/2019;19;60
CB First Floor;17/02/2019;20;60
CB First Floor;17/02/2019;21;61
CB First Floor;17/02/2019;22;62
CB First Floor;17/02/2019;23;62
CB First Floor;18/02/2019;00;62
CB First Floor;18/02/2019;01;64
CB First Floor;18/02/2019;02;64
CB First Floor;18/02/2019;03;64
CB First Floor;18/02/2019;04;64
CB First Floor;18/02/2019;05;64
CB First Floor;18/02/2019;06;72
CB First Floor;18/02/2019;07;80
CB First Floor;18/02/2019;08;95
CB First Floor;18/02/2019;09;97
CB First Floor;18/02/2019;10;98
CB First Floor;18/02/2019;11;101
CB First Floor;18/02/2019;12;110
CB First Floor;18/02/2019;13;111
CB First Floor;18/02/2019;14;108
CB First Floor;18/02/2019;15;91
CB First Floor;18/02/2019;16;90
CB First Floor;18/02/2019;17;90
CB First Floor;18/02/2019;18;82
CB First Floor;18/02/2019;19;69
CB First Floor;18/02/2019;20;65
CB First Floor;18/02/2019;21;62
CB First Floor;18/02/2019;22;61
CB First Floor;18/02/2019;23;61
CB First Floor;19/02/2019;00;61
CB First Floor;19/02/2019;01;62
CB First Floor;19/02/2019;02;62
CB First Floor;19/02/2019;03;62
CB First Floor;19/02/2019;04;63
CB First Floor;19/02/2019;05;63
CB First Floor;19/02/2019;06;72
CB First Floor;19/02/2019;07;82
CB First Floor;19/02/2019;08;106
CB First Floor;19/02/2019;09;108
CB First Floor;19/02/2019;10;105
CB First Floor;19/02/2019;11;109
CB First Floor;19/02/2019;12;111
CB First Floor;19/02/2019;13;121
CB First Floor;19/02/2019;14;106
CB First Floor;19/02/2019;15;94
CB First Floor;19/02/2019;16;94
CB First Floor;19/02/2019;17;94
CB First Floor;19/02/2019;18;85
CB First Floor;19/02/2019;19;72
CB First Floor;19/02/2019;20;67
CB First Floor;19/02/2019;21;64
CB First Floor;19/02/2019;22;64
CB First Floor;19/02/2019;23;63
CB First Floor;20/02/2019;00;63
CB First Floor;20/02/2019;01;63
CB First Floor;20/02/2019;02;64
CB First Floor;20/02/2019;03;64
CB First Floor;20/02/2019;04;64
CB First Floor;20/02/2019;05;66
CB First Floor;20/02/2019;06;74
CB First Floor;20/02/2019;07;82
CB First Floor;20/02/2019;08;95
CB First Floor;20/02/2019;09;95
CB First Floor;20/02/2019;10;95
CB First Floor;20/02/2019;11;100
CB First Floor;20/02/2019;12;103
CB First Floor;20/02/2019;13;104
CB First Floor;20/02/2019;14;101
CB First Floor;20/02/2019;15;89
CB First Floor;20/02/2019;16;86
CB First Floor;20/02/2019;17;88
CB First Floor;20/02/2019;18;79
CB First Floor;20/02/2019;19;66
CB First Floor;20/02/2019;20;63
CB First Floor;20/02/2019;21;62
CB First Floor;20/02/2019;22;59
CB First Floor;20/02/2019;23;58
CB First Floor;21/02/2019;00;58
CB First Floor;21/02/2019;01;58
CB First Floor;21/02/2019;02;60
CB First Floor;21/02/2019;03;59
CB First Floor;21/02/2019;04;60
CB First Floor;21/02/2019;05;62
CB First Floor;21/02/2019;06;71
CB First Floor;21/02/2019;07;80
CB First Floor;21/02/2019;08;98
CB First Floor;21/02/2019;09;99
CB First Floor;21/02/2019;10;102
CB First Floor;21/02/2019;11;110
CB First Floor;21/02/2019;12;118
CB First Floor;21/02/2019;13;116
CB First Floor;21/02/2019;14;107
CB First Floor;21/02/2019;15;95
CB First Floor;21/02/2019;16;90
CB First Floor;21/02/2019;17;90
CB First Floor;21/02/2019;18;82
CB First Floor;21/02/2019;19;73
CB First Floor;21/02/2019;20;67
CB First Floor;21/02/2019;21;65
CB First Floor;21/02/2019;22;63
CB First Floor;21/02/2019;23;62
CB First Floor;22/02/2019;00;62
CB First Floor;22/02/2019;01;62
CB First Floor;22/02/2019;02;63
CB First Floor;22/02/2019;03;63
CB First Floor;22/02/2019;04;63
CB First Floor;22/02/2019;05;64
CB First Floor;22/02/2019;06;74
CB First Floor;22/02/2019;07;82
CB First Floor;22/02/2019;08;94
CB First Floor;22/02/2019;09;95
CB First Floor;22/02/2019;10;98
CB First Floor;22/02/2019;11;102
CB First Floor;22/02/2019;12;102
CB First Floor;22/02/2019;13;110
CB First Floor;22/02/2019;14;107
CB First Floor;22/02/2019;15;95
CB First Floor;22/02/2019;16;92
CB First Floor;22/02/2019;17;90
CB First Floor;22/02/2019;18;82
CB First Floor;22/02/2019;19;72
CB First Floor;22/02/2019;20;67
CB First Floor;22/02/2019;21;66
CB First Floor;22/02/2019;22;65
CB First Floor;22/02/2019;23;64
CB First Floor;23/02/2019;00;63
CB First Floor;23/02/2019;01;64
CB First Floor;23/02/2019;02;65
CB First Floor;23/02/2019;03;64
CB First Floor;23/02/2019;04;65
CB First Floor;23/02/2019;05;63
CB First Floor;23/02/2019;06;63
CB First Floor;23/02/2019;07;65
CB First Floor;23/02/2019;08;66
CB First Floor;23/02/2019;09;68
CB First Floor;23/02/2019;10;68
CB First Floor;23/02/2019;11;68
CB First Floor;23/02/2019;12;67
CB First Floor;23/02/2019;13;66
CB First Floor;23/02/2019;14;68
CB First Floor;23/02/2019;15;69
CB First Floor;23/02/2019;16;68
CB First Floor;23/02/2019;17;69
CB First Floor;23/02/2019;18;69
CB First Floor;23/02/2019;19;70
CB First Floor;23/02/2019;20;69
CB First Floor;23/02/2019;21;69
CB First Floor;23/02/2019;22;69
CB First Floor;23/02/2019;23;70
CB First Floor;24/02/2019;00;70
CB First Floor;24/02/2019;01;69
CB First Floor;24/02/2019;02;71
CB First Floor;24/02/2019;03;71
CB First Floor;24/02/2019;04;72
CB First Floor;24/02/2019;05;70
CB First Floor;24/02/2019;06;71
CB First Floor;24/02/2019;07;70
CB First Floor;24/02/2019;08;71
CB First Floor;24/02/2019;09;68
CB First Floor;24/02/2019;10;70
CB First Floor;24/02/2019;11;67
CB First Floor;24/02/2019;12;70
CB First Floor;24/02/2019;13;68
CB First Floor;24/02/2019;14;68
CB First Floor;24/02/2019;15;69
CB First Floor;24/02/2019;16;67
CB First Floor;24/02/2019;17;69
CB First Floor;24/02/2019;18;68
CB First Floor;24/02/2019;19;67
CB First Floor;24/02/2019;20;69
CB First Floor;24/02/2019;21;68
CB First Floor;24/02/2019;22;68
CB First Floor;24/02/2019;23;69
CB First Floor;25/02/2019;00;69
CB First Floor;25/02/2019;01;69
CB First Floor;25/02/2019;02;69
CB First Floor;25/02/2019;03;70
CB First Floor;25/02/2019;04;69
CB First Floor;25/02/2019;05;70
CB First Floor;25/02/2019;06;76
CB First Floor;25/02/2019;07;86
CB First Floor;25/02/2019;08;95
CB First Floor;25/02/2019;09;97
CB First Floor;25/02/2019;10;96
CB First Floor;25/02/2019;11;98
CB First Floor;25/02/2019;12;108
CB First Floor;25/02/2019;13;114
CB First Floor;25/02/2019;14;99
CB First Floor;25/02/2019;15;95
CB First Floor;25/02/2019;16;92
CB First Floor;25/02/2019;17;92
CB First Floor;25/02/2019;18;84
CB First Floor;25/02/2019;19;76
CB First Floor;25/02/2019;20;73
CB First Floor;25/02/2019;21;65
CB First Floor;25/02/2019;22;69
CB First Floor;25/02/2019;23;69
CB First Floor;26/02/2019;00;68
CB First Floor;26/02/2019;01;68
CB First Floor;26/02/2019;02;68
CB First Floor;26/02/2019;03;68
CB First Floor;26/02/2019;04;68
CB First Floor;26/02/2019;05;68
CB First Floor;26/02/2019;06;76
CB First Floor;26/02/2019;07;82
CB First Floor;26/02/2019;08;101
CB First Floor;26/02/2019;09;103
CB First Floor;26/02/2019;10;98
CB First Floor;26/02/2019;11;102
CB First Floor;26/02/2019;12;107
CB First Floor;26/02/2019;13;116
CB First Floor;26/02/2019;14;110
CB First Floor;26/02/2019;15;102
CB First Floor;26/02/2019;16;96
CB First Floor;26/02/2019;17;92
CB First Floor;26/02/2019;18;79
CB First Floor;26/02/2019;19;70
CB First Floor;26/02/2019;20;64
CB First Floor;26/02/2019;21;62
CB First Floor;26/02/2019;22;59
CB First Floor;26/02/2019;23;60
CB First Floor;27/02/2019;00;59
CB First Floor;27/02/2019;01;59
CB First Floor;27/02/2019;02;61
CB First Floor;27/02/2019;03;61
CB First Floor;27/02/2019;04;63
CB First Floor;27/02/2019;05;65
CB First Floor;27/02/2019;06;75
CB First Floor;27/02/2019;07;82
CB First Floor;27/02/2019;08;94
CB First Floor;27/02/2019;09;94
CB First Floor;27/02/2019;10;98
CB First Floor;27/02/2019;11;98
CB First Floor;27/02/2019;12;111
CB First Floor;27/02/2019;13;114
CB First Floor;27/02/2019;14;106
CB First Floor;27/02/2019;15;103
CB First Floor;27/02/2019;16;94
CB First Floor;27/02/2019;17;93
CB First Floor;27/02/2019;18;87
CB First Floor;27/02/2019;19;77
CB First Floor;27/02/2019;20;71
CB First Floor;27/02/2019;21;66
CB First Floor;27/02/2019;22;64
CB First Floor;27/02/2019;23;62
CB First Floor;28/02/2019;00;65
CB First Floor;28/02/2019;01;65
CB First Floor;28/02/2019;02;65
CB First Floor;28/02/2019;03;65
CB First Floor;28/02/2019;04;65
CB First Floor;28/02/2019;05;66
CB First Floor;28/02/2019;06;71
CB First Floor;28/02/2019;07;79
CB First Floor;28/02/2019;08;98
CB First Floor;28/02/2019;09;99
CB First Floor;28/02/2019;10;95
CB First Floor;28/02/2019;11;104
CB First Floor;28/02/2019;12;109
CB First Floor;28/02/2019;13;109
CB First Floor;28/02/2019;14;98
CB First Floor;28/02/2019;15;95
CB First Floor;28/02/2019;16;89
CB First Floor;28/02/2019;17;87
CB First Floor;28/02/2019;18;81
CB First Floor;28/02/2019;19;68
CB First Floor;28/02/2019;20;62
CB First Floor;28/02/2019;21;62
CB First Floor;28/02/2019;22;59
CB First Floor;28/02/2019;23;58
CB Second Floor;01/02/2019;00;76
CB Second Floor;01/02/2019;01;76
CB Second Floor;01/02/2019;02;76
CB Second Floor;01/02/2019;03;76
CB Second Floor;01/02/2019;04;74
CB Second Floor;01/02/2019;05;76
CB Second Floor;01/02/2019;06;80
CB Second Floor;01/02/2019;07;90
CB Second Floor;01/02/2019;08;112
CB Second Floor;01/02/2019;09;121
CB Second Floor;01/02/2019;10;119
CB Second Floor;01/02/2019;11;125
CB Second Floor;01/02/2019;12;127
CB Second Floor;01/02/2019;13;129
CB Second Floor;01/02/2019;14;130
CB Second Floor;01/02/2019;15;116
CB Second Floor;01/02/2019;16;114
CB Second Floor;01/02/2019;17;105
CB Second Floor;01/02/2019;18;95
CB Second Floor;01/02/2019;19;88
CB Second Floor;01/02/2019;20;82
CB Second Floor;01/02/2019;21;83
CB Second Floor;01/02/2019;22;81
CB Second Floor;01/02/2019;23;79
CB Second Floor;02/02/2019;00;80
CB Second Floor;02/02/2019;01;80
CB Second Floor;02/02/2019;02;78
CB Second Floor;02/02/2019;03;78
CB Second Floor;02/02/2019;04;78
CB Second Floor;02/02/2019;05;78
CB Second Floor;02/02/2019;06;78
CB Second Floor;02/02/2019;07;77
CB Second Floor;02/02/2019;08;79
CB Second Floor;02/02/2019;09;69
CB Second Floor;02/02/2019;10;63
CB Second Floor;02/02/2019;11;59
CB Second Floor;02/02/2019;12;56
CB Second Floor;02/02/2019;13;54
CB Second Floor;02/02/2019;14;55
CB Second Floor;02/02/2019;15;57
CB Second Floor;02/02/2019;16;55
CB Second Floor;02/02/2019;17;54
CB Second Floor;02/02/2019;18;55
CB Second Floor;02/02/2019;19;54
CB Second Floor;02/02/2019;20;55
CB Second Floor;02/02/2019;21;55
CB Second Floor;02/02/2019;22;55
CB Second Floor;02/02/2019;23;56
CB Second Floor;03/02/2019;00;55
CB Second Floor;03/02/2019;01;57
CB Second Floor;03/02/2019;02;57
CB Second Floor;03/02/2019;03;58
CB Second Floor;03/02/2019;04;57
CB Second Floor;03/02/2019;05;56
CB Second Floor;03/02/2019;06;56
CB Second Floor;03/02/2019;07;56
CB Second Floor;03/02/2019;08;56
CB Second Floor;03/02/2019;09;56
CB Second Floor;03/02/2019;10;54
CB Second Floor;03/02/2019;11;53
CB Second Floor;03/02/2019;12;53
CB Second Floor;03/02/2019;13;53
CB Second Floor;03/02/2019;14;53
CB Second Floor;03/02/2019;15;52
CB Second Floor;03/02/2019;16;52
CB Second Floor;03/02/2019;17;53
CB Second Floor;03/02/2019;18;53
CB Second Floor;03/02/2019;19;54
CB Second Floor;03/02/2019;20;55
CB Second Floor;03/02/2019;21;55
CB Second Floor;03/02/2019;22;57
CB Second Floor;04/02/2019;23;68
CB Second Floor;04/02/2019;00;57
CB Second Floor;04/02/2019;01;58
CB Second Floor;04/02/2019;02;60
CB Second Floor;04/02/2019;03;62
CB Second Floor;04/02/2019;04;61
CB Second Floor;04/02/2019;05;63
CB Second Floor;04/02/2019;06;70
CB Second Floor;04/02/2019;07;79
CB Second Floor;04/02/2019;08;95
CB Second Floor;04/02/2019;09;106
CB Second Floor;04/02/2019;10;107
CB Second Floor;04/02/2019;11;109
CB Second Floor;04/02/2019;12;115
CB Second Floor;04/02/2019;13;120
CB Second Floor;04/02/2019;14;119
CB Second Floor;04/02/2019;15;102
CB Second Floor;04/02/2019;16;98
CB Second Floor;04/02/2019;17;96
CB Second Floor;04/02/2019;18;87
CB Second Floor;04/02/2019;19;77
CB Second Floor;04/02/2019;20;72
CB Second Floor;04/02/2019;21;71
CB Second Floor;04/02/2019;22;67
CB Second Floor;05/02/2019;00;64
CB Second Floor;05/02/2019;01;67
CB Second Floor;05/02/2019;02;66
CB Second Floor;05/02/2019;03;67
CB Second Floor;05/02/2019;04;66
CB Second Floor;05/02/2019;05;70
CB Second Floor;05/02/2019;06;76
CB Second Floor;05/02/2019;07;83
CB Second Floor;05/02/2019;08;107
CB Second Floor;05/02/2019;09;107
CB Second Floor;05/02/2019;10;107
CB Second Floor;05/02/2019;11;112
CB Second Floor;05/02/2019;12;118
CB Second Floor;05/02/2019;13;127
CB Second Floor;05/02/2019;14;120
CB Second Floor;05/02/2019;15;108
CB Second Floor;05/02/2019;16;108
CB Second Floor;05/02/2019;17;104
CB Second Floor;05/02/2019;18;94
CB Second Floor;05/02/2019;19;86
CB Second Floor;05/02/2019;20;79
CB Second Floor;05/02/2019;21;76
CB Second Floor;05/02/2019;22;74
CB Second Floor;05/02/2019;23;73
CB Second Floor;06/02/2019;00;74
CB Second Floor;06/02/2019;01;73
CB Second Floor;06/02/2019;02;73
CB Second Floor;06/02/2019;03;74
CB Second Floor;06/02/2019;04;74
CB Second Floor;06/02/2019;05;74
CB Second Floor;06/02/2019;06;82
CB Second Floor;06/02/2019;07;88
CB Second Floor;06/02/2019;08;109
CB Second Floor;06/02/2019;09;106
CB Second Floor;06/02/2019;10;106
CB Second Floor;06/02/2019;11;105
CB Second Floor;06/02/2019;12;120
CB Second Floor;06/02/2019;13;121
CB Second Floor;06/02/2019;14;117
CB Second Floor;06/02/2019;15;103
CB Second Floor;06/02/2019;16;102
CB Second Floor;06/02/2019;17;97
CB Second Floor;06/02/2019;18;89
CB Second Floor;06/02/2019;19;83
CB Second Floor;06/02/2019;20;77
CB Second Floor;06/02/2019;21;74
CB Second Floor;06/02/2019;22;72
CB Second Floor;06/02/2019;23;70
CB Second Floor;07/02/2019;00;71
CB Second Floor;07/02/2019;01;71
CB Second Floor;07/02/2019;02;72
CB Second Floor;07/02/2019;03;70
CB Second Floor;07/02/2019;04;71
CB Second Floor;07/02/2019;05;72
CB Second Floor;07/02/2019;06;81
CB Second Floor;07/02/2019;07;87
CB Second Floor;07/02/2019;08;107
CB Second Floor;07/02/2019;09;106
CB Second Floor;07/02/2019;10;106
CB Second Floor;07/02/2019;11;115
CB Second Floor;07/02/2019;12;121
CB Second Floor;07/02/2019;13;123
CB Second Floor;07/02/2019;14;122
CB Second Floor;07/02/2019;15;106
CB Second Floor;07/02/2019;16;105
CB Second Floor;07/02/2019;17;100
CB Second Floor;07/02/2019;18;89
CB Second Floor;07/02/2019;19;79
CB Second Floor;07/02/2019;20;74
CB Second Floor;07/02/2019;21;69
CB Second Floor;07/02/2019;22;69
CB Second Floor;07/02/2019;23;68
CB Second Floor;08/02/2019;00;71
CB Second Floor;08/02/2019;01;69
CB Second Floor;08/02/2019;02;70
CB Second Floor;08/02/2019;03;71
CB Second Floor;08/02/2019;04;71
CB Second Floor;08/02/2019;05;71
CB Second Floor;08/02/2019;06;78
CB Second Floor;08/02/2019;07;86
CB Second Floor;08/02/2019;08;100
CB Second Floor;08/02/2019;09;101
CB Second Floor;08/02/2019;10;103
CB Second Floor;08/02/2019;11;110
CB Second Floor;08/02/2019;12;111
CB Second Floor;08/02/2019;13;122
CB Second Floor;08/02/2019;14;120
CB Second Floor;08/02/2019;15;106
CB Second Floor;08/02/2019;16;102
CB Second Floor;08/02/2019;17;101
CB Second Floor;08/02/2019;18;90
CB Second Floor;08/02/2019;19;79
CB Second Floor;08/02/2019;20;75
CB Second Floor;08/02/2019;21;72
CB Second Floor;08/02/2019;22;72
CB Second Floor;08/02/2019;23;71
CB Second Floor;09/02/2019;00;71
CB Second Floor;09/02/2019;01;71
CB Second Floor;09/02/2019;02;71
CB Second Floor;09/02/2019;03;71
CB Second Floor;09/02/2019;04;72
CB Second Floor;09/02/2019;05;72
CB Second Floor;09/02/2019;06;72
CB Second Floor;09/02/2019;07;70
CB Second Floor;09/02/2019;08;75
CB Second Floor;09/02/2019;09;75
CB Second Floor;09/02/2019;10;74
CB Second Floor;09/02/2019;11;74
CB Second Floor;09/02/2019;12;72
CB Second Floor;09/02/2019;13;70
CB Second Floor;09/02/2019;14;69
CB Second Floor;09/02/2019;15;69
CB Second Floor;09/02/2019;16;69
CB Second Floor;09/02/2019;17;69
CB Second Floor;09/02/2019;18;68
CB Second Floor;09/02/2019;19;68
CB Second Floor;09/02/2019;20;68
CB Second Floor;09/02/2019;21;68
CB Second Floor;09/02/2019;22;67
CB Second Floor;09/02/2019;23;67
CB Second Floor;10/02/2019;00;67
CB Second Floor;10/02/2019;01;66
CB Second Floor;10/02/2019;02;66
CB Second Floor;10/02/2019;03;65
CB Second Floor;10/02/2019;04;62
CB Second Floor;10/02/2019;05;60
CB Second Floor;10/02/2019;06;59
CB Second Floor;10/02/2019;07;59
CB Second Floor;10/02/2019;08;57
CB Second Floor;10/02/2019;09;56
CB Second Floor;10/02/2019;10;55
CB Second Floor;10/02/2019;11;54
CB Second Floor;10/02/2019;12;54
CB Second Floor;10/02/2019;13;54
CB Second Floor;10/02/2019;14;53
CB Second Floor;10/02/2019;15;53
CB Second Floor;10/02/2019;16;53
CB Second Floor;10/02/2019;17;52
CB Second Floor;10/02/2019;18;52
CB Second Floor;10/02/2019;19;52
CB Second Floor;10/02/2019;20;53
CB Second Floor;10/02/2019;21;53
CB Second Floor;10/02/2019;22;54
CB Second Floor;10/02/2019;23;54
CB Second Floor;11/02/2019;00;54
CB Second Floor;11/02/2019;01;55
CB Second Floor;11/02/2019;02;58
CB Second Floor;11/02/2019;03;72
CB Second Floor;11/02/2019;04;72
CB Second Floor;11/02/2019;05;76
CB Second Floor;11/02/2019;06;82
CB Second Floor;11/02/2019;07;89
CB Second Floor;11/02/2019;08;108
CB Second Floor;11/02/2019;09;108
CB Second Floor;11/02/2019;10;107
CB Second Floor;11/02/2019;11;113
CB Second Floor;11/02/2019;12;121
CB Second Floor;11/02/2019;13;123
CB Second Floor;11/02/2019;14;116
CB Second Floor;11/02/2019;15;111
CB Second Floor;11/02/2019;16;109
CB Second Floor;11/02/2019;17;106
CB Second Floor;11/02/2019;18;98
CB Second Floor;11/02/2019;19;87
CB Second Floor;11/02/2019;20;83
CB Second Floor;11/02/2019;21;80
CB Second Floor;11/02/2019;22;77
CB Second Floor;11/02/2019;23;76
CB Second Floor;12/02/2019;00;76
CB Second Floor;12/02/2019;01;75
CB Second Floor;12/02/2019;02;75
CB Second Floor;12/02/2019;03;75
CB Second Floor;12/02/2019;04;74
CB Second Floor;12/02/2019;05;75
CB Second Floor;12/02/2019;06;85
CB Second Floor;12/02/2019;07;91
CB Second Floor;12/02/2019;08;110
CB Second Floor;12/02/2019;09;112
CB Second Floor;12/02/2019;10;112
CB Second Floor;12/02/2019;11;120
CB Second Floor;12/02/2019;12;124
CB Second Floor;12/02/2019;13;127
CB Second Floor;12/02/2019;14;118
CB Second Floor;12/02/2019;15;114
CB Second Floor;12/02/2019;16;111
CB Second Floor;12/02/2019;17;105
CB Second Floor;12/02/2019;18;93
CB Second Floor;12/02/2019;19;85
CB Second Floor;12/02/2019;20;79
CB Second Floor;12/02/2019;21;77
CB Second Floor;12/02/2019;22;73
CB Second Floor;13/02/2019;23;67
CB Second Floor;13/02/2019;00;73
CB Second Floor;13/02/2019;01;72
CB Second Floor;13/02/2019;02;73
CB Second Floor;13/02/2019;03;72
CB Second Floor;13/02/2019;04;74
CB Second Floor;13/02/2019;05;74
CB Second Floor;13/02/2019;06;86
CB Second Floor;13/02/2019;07;93
CB Second Floor;13/02/2019;08;108
CB Second Floor;13/02/2019;09;107
CB Second Floor;13/02/2019;10;107
CB Second Floor;13/02/2019;11;109
CB Second Floor;13/02/2019;12;119
CB Second Floor;13/02/2019;13;122
CB Second Floor;13/02/2019;14;117
CB Second Floor;13/02/2019;15;106
CB Second Floor;13/02/2019;16;101
CB Second Floor;13/02/2019;17;98
CB Second Floor;13/02/2019;18;89
CB Second Floor;13/02/2019;19;77
CB Second Floor;13/02/2019;20;73
CB Second Floor;13/02/2019;21;71
CB Second Floor;13/02/2019;22;69
CB Second Floor;14/02/2019;00;67
CB Second Floor;14/02/2019;01;67
CB Second Floor;14/02/2019;02;68
CB Second Floor;14/02/2019;03;67
CB Second Floor;14/02/2019;04;68
CB Second Floor;14/02/2019;05;67
CB Second Floor;14/02/2019;06;73
CB Second Floor;14/02/2019;07;85
CB Second Floor;14/02/2019;08;108
CB Second Floor;14/02/2019;09;109
CB Second Floor;14/02/2019;10;105
CB Second Floor;14/02/2019;11;111
CB Second Floor;14/02/2019;12;113
CB Second Floor;14/02/2019;13;116
CB Second Floor;14/02/2019;14;112
CB Second Floor;14/02/2019;15;108
CB Second Floor;14/02/2019;16;97
CB Second Floor;14/02/2019;17;93
CB Second Floor;14/02/2019;18;82
CB Second Floor;14/02/2019;19;72
CB Second Floor;14/02/2019;20;68
CB Second Floor;14/02/2019;21;67
CB Second Floor;14/02/2019;22;66
CB Second Floor;14/02/2019;23;66
CB Second Floor;15/02/2019;00;64
CB Second Floor;15/02/2019;01;64
CB Second Floor;15/02/2019;02;65
CB Second Floor;15/02/2019;03;65
CB Second Floor;15/02/2019;04;65
CB Second Floor;15/02/2019;05;64
CB Second Floor;15/02/2019;06;70
CB Second Floor;15/02/2019;07;78
CB Second Floor;15/02/2019;08;97
CB Second Floor;15/02/2019;09;100
CB Second Floor;15/02/2019;10;96
CB Second Floor;15/02/2019;11;107
CB Second Floor;15/02/2019;12;111
CB Second Floor;15/02/2019;13;114
CB Second Floor;15/02/2019;14;108
CB Second Floor;15/02/2019;15;97
CB Second Floor;15/02/2019;16;93
CB Second Floor;15/02/2019;17;90
CB Second Floor;15/02/2019;18;79
CB Second Floor;15/02/2019;19;69
CB Second Floor;15/02/2019;20;65
CB Second Floor;15/02/2019;21;63
CB Second Floor;15/02/2019;22;62
CB Second Floor;15/02/2019;23;62
CB Second Floor;16/02/2019;00;62
CB Second Floor;16/02/2019;01;61
CB Second Floor;16/02/2019;02;64
CB Second Floor;16/02/2019;03;64
CB Second Floor;16/02/2019;04;63
CB Second Floor;16/02/2019;05;65
CB Second Floor;16/02/2019;06;64
CB Second Floor;16/02/2019;07;64
CB Second Floor;16/02/2019;08;66
CB Second Floor;16/02/2019;09;67
CB Second Floor;16/02/2019;10;65
CB Second Floor;16/02/2019;11;66
CB Second Floor;16/02/2019;12;63
CB Second Floor;16/02/2019;13;62
CB Second Floor;16/02/2019;14;61
CB Second Floor;16/02/2019;15;61
CB Second Floor;16/02/2019;16;59
CB Second Floor;16/02/2019;17;58
CB Second Floor;16/02/2019;18;59
CB Second Floor;16/02/2019;19;58
CB Second Floor;16/02/2019;20;59
CB Second Floor;16/02/2019;21;58
CB Second Floor;16/02/2019;22;61
CB Second Floor;16/02/2019;23;60
CB Second Floor;17/02/2019;00;61
CB Second Floor;17/02/2019;01;60
CB Second Floor;17/02/2019;02;62
CB Second Floor;17/02/2019;03;63
CB Second Floor;17/02/2019;04;61
CB Second Floor;17/02/2019;05;64
CB Second Floor;17/02/2019;06;64
CB Second Floor;17/02/2019;07;63
CB Second Floor;17/02/2019;08;62
CB Second Floor;17/02/2019;09;60
CB Second Floor;17/02/2019;10;64
CB Second Floor;17/02/2019;11;62
CB Second Floor;17/02/2019;12;62
CB Second Floor;17/02/2019;13;63
CB Second Floor;17/02/2019;14;62
CB Second Floor;17/02/2019;15;61
CB Second Floor;17/02/2019;16;61
CB Second Floor;17/02/2019;17;60
CB Second Floor;17/02/2019;18;61
CB Second Floor;17/02/2019;19;59
CB Second Floor;17/02/2019;20;60
CB Second Floor;17/02/2019;21;61
CB Second Floor;17/02/2019;22;61
CB Second Floor;17/02/2019;23;62
CB Second Floor;18/02/2019;00;62
CB Second Floor;18/02/2019;01;63
CB Second Floor;18/02/2019;02;63
CB Second Floor;18/02/2019;03;64
CB Second Floor;18/02/2019;04;64
CB Second Floor;18/02/2019;05;64
CB Second Floor;18/02/2019;06;71
CB Second Floor;18/02/2019;07;80
CB Second Floor;18/02/2019;08;94
CB Second Floor;18/02/2019;09;97
CB Second Floor;18/02/2019;10;97
CB Second Floor;18/02/2019;11;100
CB Second Floor;18/02/2019;12;109
CB Second Floor;18/02/2019;13;111
CB Second Floor;18/02/2019;14;108
CB Second Floor;18/02/2019;15;91
CB Second Floor;18/02/2019;16;89
CB Second Floor;18/02/2019;17;90
CB Second Floor;18/02/2019;18;81
CB Second Floor;18/02/2019;19;69
CB Second Floor;18/02/2019;20;64
CB Second Floor;18/02/2019;21;62
CB Second Floor;18/02/2019;22;61
CB Second Floor;18/02/2019;23;60
CB Second Floor;19/02/2019;00;60
CB Second Floor;19/02/2019;01;61
CB Second Floor;19/02/2019;02;61
CB Second Floor;19/02/2019;03;62
CB Second Floor;19/02/2019;04;62
CB Second Floor;19/02/2019;05;63
CB Second Floor;19/02/2019;06;72
CB Second Floor;19/02/2019;07;82
CB Second Floor;19/02/2019;08;106
CB Second Floor;19/02/2019;09;108
CB Second Floor;19/02/2019;10;105
CB Second Floor;19/02/2019;11;109
CB Second Floor;19/02/2019;12;111
CB Second Floor;19/02/2019;13;120
CB Second Floor;19/02/2019;14;106
CB Second Floor;19/02/2019;15;93
CB Second Floor;19/02/2019;16;94
CB Second Floor;19/02/2019;17;93
CB Second Floor;19/02/2019;18;85
CB Second Floor;19/02/2019;19;71
CB Second Floor;19/02/2019;20;67
CB Second Floor;19/02/2019;21;63
CB Second Floor;19/02/2019;22;64
CB Second Floor;19/02/2019;23;62
CB Second Floor;20/02/2019;00;62
CB Second Floor;20/02/2019;01;63
CB Second Floor;20/02/2019;02;63
CB Second Floor;20/02/2019;03;63
CB Second Floor;20/02/2019;04;64
CB Second Floor;20/02/2019;05;65
CB Second Floor;20/02/2019;06;74
CB Second Floor;20/02/2019;07;82
CB Second Floor;20/02/2019;08;95
CB Second Floor;20/02/2019;09;94
CB Second Floor;20/02/2019;10;94
CB Second Floor;20/02/2019;11;100
CB Second Floor;20/02/2019;12;103
CB Second Floor;20/02/2019;13;104
CB Second Floor;20/02/2019;14;101
CB Second Floor;20/02/2019;15;88
CB Second Floor;20/02/2019;16;86
CB Second Floor;20/02/2019;17;87
CB Second Floor;20/02/2019;18;79
CB Second Floor;20/02/2019;19;66
CB Second Floor;20/02/2019;20;63
CB Second Floor;20/02/2019;21;61
CB Second Floor;20/02/2019;22;59
CB Second Floor;20/02/2019;23;58
CB Second Floor;21/02/2019;00;58
CB Second Floor;21/02/2019;01;58
CB Second Floor;21/02/2019;02;60
CB Second Floor;21/02/2019;03;59
CB Second Floor;21/02/2019;04;60
CB Second Floor;21/02/2019;05;62
CB Second Floor;21/02/2019;06;71
CB Second Floor;21/02/2019;07;79
CB Second Floor;21/02/2019;08;97
CB Second Floor;21/02/2019;09;99
CB Second Floor;21/02/2019;10;101
CB Second Floor;21/02/2019;11;109
CB Second Floor;21/02/2019;12;118
CB Second Floor;21/02/2019;13;116
CB Second Floor;21/02/2019;14;106
CB Second Floor;21/02/2019;15;94
CB Second Floor;21/02/2019;16;90
CB Second Floor;21/02/2019;17;90
CB Second Floor;21/02/2019;18;81
CB Second Floor;21/02/2019;19;73
CB Second Floor;21/02/2019;20;67
CB Second Floor;21/02/2019;21;65
CB Second Floor;21/02/2019;22;63
CB Second Floor;21/02/2019;23;61
CB Second Floor;22/02/2019;00;62
CB Second Floor;22/02/2019;01;61
CB Second Floor;22/02/2019;02;62
CB Second Floor;22/02/2019;03;62
CB Second Floor;22/02/2019;04;63
CB Second Floor;22/02/2019;05;64
CB Second Floor;22/02/2019;06;73
CB Second Floor;22/02/2019;07;82
CB Second Floor;22/02/2019;08;93
CB Second Floor;22/02/2019;09;94
CB Second Floor;22/02/2019;10;98
CB Second Floor;22/02/2019;11;102
CB Second Floor;22/02/2019;12;101
CB Second Floor;22/02/2019;13;109
CB Second Floor;22/02/2019;14;106
CB Second Floor;22/02/2019;15;95
CB Second Floor;22/02/2019;16;92
CB Second Floor;22/02/2019;17;89
CB Second Floor;22/02/2019;18;81
CB Second Floor;22/02/2019;19;71
CB Second Floor;22/02/2019;20;66
CB Second Floor;22/02/2019;21;66
CB Second Floor;22/02/2019;22;65
CB Second Floor;22/02/2019;23;64
CB Second Floor;23/02/2019;00;63
CB Second Floor;23/02/2019;01;64
CB Second Floor;23/02/2019;02;64
CB Second Floor;23/02/2019;03;64
CB Second Floor;23/02/2019;04;65
CB Second Floor;23/02/2019;05;63
CB Second Floor;23/02/2019;06;62
CB Second Floor;23/02/2019;07;64
CB Second Floor;23/02/2019;08;66
CB Second Floor;23/02/2019;09;68
CB Second Floor;23/02/2019;10;68
CB Second Floor;23/02/2019;11;68
CB Second Floor;23/02/2019;12;66
CB Second Floor;23/02/2019;13;66
CB Second Floor;23/02/2019;14;68
CB Second Floor;23/02/2019;15;68
CB Second Floor;23/02/2019;16;67
CB Second Floor;23/02/2019;17;69
CB Second Floor;23/02/2019;18;69
CB Second Floor;23/02/2019;19;69
CB Second Floor;23/02/2019;20;68
CB Second Floor;23/02/2019;21;69
CB Second Floor;23/02/2019;22;69
CB Second Floor;23/02/2019;23;69
CB Second Floor;24/02/2019;00;70
CB Second Floor;24/02/2019;01;69
CB Second Floor;24/02/2019;02;71
CB Second Floor;24/02/2019;03;71
CB Second Floor;24/02/2019;04;71
CB Second Floor;24/02/2019;05;69
CB Second Floor;24/02/2019;06;71
CB Second Floor;24/02/2019;07;69
CB Second Floor;24/02/2019;08;70
CB Second Floor;24/02/2019;09;68
CB Second Floor;24/02/2019;10;69
CB Second Floor;24/02/2019;11;67
CB Second Floor;24/02/2019;12;69
CB Second Floor;24/02/2019;13;68
CB Second Floor;24/02/2019;14;68
CB Second Floor;24/02/2019;15;69
CB Second Floor;24/02/2019;16;67
CB Second Floor;24/02/2019;17;69
CB Second Floor;24/02/2019;18;67
CB Second Floor;24/02/2019;19;67
CB Second Floor;24/02/2019;20;68
CB Second Floor;24/02/2019;21;67
CB Second Floor;24/02/2019;22;68
CB Second Floor;24/02/2019;23;69
CB Second Floor;25/02/2019;00;68
CB Second Floor;25/02/2019;01;68
CB Second Floor;25/02/2019;02;69
CB Second Floor;25/02/2019;03;69
CB Second Floor;25/02/2019;04;69
CB Second Floor;25/02/2019;05;70
CB Second Floor;25/02/2019;06;75
CB Second Floor;25/02/2019;07;86
CB Second Floor;25/02/2019;08;95
CB Second Floor;25/02/2019;09;97
CB Second Floor;25/02/2019;10;96
CB Second Floor;25/02/2019;11;98
CB Second Floor;25/02/2019;12;108
CB Second Floor;25/02/2019;13;114
CB Second Floor;25/02/2019;14;99
CB Second Floor;25/02/2019;15;94
CB Second Floor;25/02/2019;16;92
CB Second Floor;25/02/2019;17;91
CB Second Floor;25/02/2019;18;83
CB Second Floor;25/02/2019;19;75
CB Second Floor;25/02/2019;20;73
CB Second Floor;25/02/2019;21;66
CB Second Floor;25/02/2019;22;68
CB Second Floor;25/02/2019;23;69
CB Second Floor;26/02/2019;00;67
CB Second Floor;26/02/2019;01;67
CB Second Floor;26/02/2019;02;68
CB Second Floor;26/02/2019;03;67
CB Second Floor;26/02/2019;04;68
CB Second Floor;26/02/2019;05;68
CB Second Floor;26/02/2019;06;76
CB Second Floor;26/02/2019;07;82
CB Second Floor;26/02/2019;08;101
CB Second Floor;26/02/2019;09;102
CB Second Floor;26/02/2019;10;98
CB Second Floor;26/02/2019;11;102
CB Second Floor;26/02/2019;12;106
CB Second Floor;26/02/2019;13;115
CB Second Floor;26/02/2019;14;110
CB Second Floor;26/02/2019;15;101
CB Second Floor;26/02/2019;16;96
CB Second Floor;26/02/2019;17;91
CB Second Floor;26/02/2019;18;79
CB Second Floor;26/02/2019;19;70
CB Second Floor;26/02/2019;20;63
CB Second Floor;26/02/2019;21;62
CB Second Floor;26/02/2019;22;59
CB Second Floor;26/02/2019;23;60
CB Second Floor;27/02/2019;00;59
CB Second Floor;27/02/2019;01;59
CB Second Floor;27/02/2019;02;60
CB Second Floor;27/02/2019;03;60
CB Second Floor;27/02/2019;04;63
CB Second Floor;27/02/2019;05;64
CB Second Floor;27/02/2019;06;75
CB Second Floor;27/02/2019;07;81
CB Second Floor;27/02/2019;08;93
CB Second Floor;27/02/2019;09;94
CB Second Floor;27/02/2019;10;97
CB Second Floor;27/02/2019;11;98
CB Second Floor;27/02/2019;12;111
CB Second Floor;27/02/2019;13;114
CB Second Floor;27/02/2019;14;106
CB Second Floor;27/02/2019;15;103
CB Second Floor;27/02/2019;16;94
CB Second Floor;27/02/2019;17;92
CB Second Floor;27/02/2019;18;87
CB Second Floor;27/02/2019;19;77
CB Second Floor;27/02/2019;20;70
CB Second Floor;27/02/2019;21;65
CB Second Floor;27/02/2019;22;63
CB Second Floor;27/02/2019;23;62
CB Second Floor;28/02/2019;00;66
CB Second Floor;28/02/2019;01;64
CB Second Floor;28/02/2019;02;65
CB Second Floor;28/02/2019;03;65
CB Second Floor;28/02/2019;04;65
CB Second Floor;28/02/2019;05;66
CB Second Floor;28/02/2019;06;71
CB Second Floor;28/02/2019;07;78
CB Second Floor;28/02/2019;08;97
CB Second Floor;28/02/2019;09;98
CB Second Floor;28/02/2019;10;95
CB Second Floor;28/02/2019;11;104
CB Second Floor;28/02/2019;12;108
CB Second Floor;28/02/2019;13;108
CB Second Floor;28/02/2019;14;98
CB Second Floor;28/02/2019;15;95
CB Second Floor;28/02/2019;16;88
CB Second Floor;28/02/2019;17;87
CB Second Floor;28/02/2019;18;80
CB Second Floor;28/02/2019;19;68
CB Second Floor;28/02/2019;20;62
CB Second Floor;28/02/2019;21;62
CB Second Floor;28/02/2019;22;59
CB Second Floor;28/02/2019;23;58
CB Third Floor;01/02/2019;00;140
CB Third Floor;01/02/2019;01;140
CB Third Floor;01/02/2019;02;142
CB Third Floor;01/02/2019;03;145
CB Third Floor;01/02/2019;04;147
CB Third Floor;01/02/2019;05;148
CB Third Floor;01/02/2019;06;145
CB Third Floor;01/02/2019;07;161
CB Third Floor;01/02/2019;08;185
CB Third Floor;01/02/2019;09;175
CB Third Floor;01/02/2019;10;169
CB Third Floor;01/02/2019;11;170
CB Third Floor;01/02/2019;12;155
CB Third Floor;01/02/2019;13;157
CB Third Floor;01/02/2019;14;164
CB Third Floor;01/02/2019;15;175
CB Third Floor;01/02/2019;16;161
CB Third Floor;01/02/2019;17;153
CB Third Floor;01/02/2019;18;143
CB Third Floor;01/02/2019;19;146
CB Third Floor;01/02/2019;20;151
CB Third Floor;01/02/2019;21;152
CB Third Floor;01/02/2019;22;157
CB Third Floor;01/02/2019;23;156
CB Third Floor;02/02/2019;00;156
CB Third Floor;02/02/2019;01;149
CB Third Floor;02/02/2019;02;148
CB Third Floor;02/02/2019;03;153
CB Third Floor;02/02/2019;04;145
CB Third Floor;02/02/2019;05;138
CB Third Floor;02/02/2019;06;139
CB Third Floor;02/02/2019;07;144
CB Third Floor;02/02/2019;08;172
CB Third Floor;02/02/2019;09;150
CB Third Floor;02/02/2019;10;143
CB Third Floor;02/02/2019;11;113
CB Third Floor;02/02/2019;12;109
CB Third Floor;02/02/2019;13;104
CB Third Floor;02/02/2019;14;110
CB Third Floor;02/02/2019;15;116
CB Third Floor;02/02/2019;16;115
CB Third Floor;02/02/2019;17;124
CB Third Floor;02/02/2019;18;123
CB Third Floor;02/02/2019;19;125
CB Third Floor;02/02/2019;20;134
CB Third Floor;02/02/2019;21;132
CB Third Floor;02/02/2019;22;127
CB Third Floor;02/02/2019;23;127
CB Third Floor;03/02/2019;00;141
CB Third Floor;03/02/2019;01;130
CB Third Floor;03/02/2019;02;140
CB Third Floor;03/02/2019;03;141
CB Third Floor;03/02/2019;04;135
CB Third Floor;03/02/2019;05;136
CB Third Floor;03/02/2019;06;128
CB Third Floor;03/02/2019;07;122
CB Third Floor;03/02/2019;08;144
CB Third Floor;03/02/2019;09;132
CB Third Floor;03/02/2019;10;126
CB Third Floor;03/02/2019;11;122
CB Third Floor;03/02/2019;12;112
CB Third Floor;03/02/2019;13;100
CB Third Floor;03/02/2019;14;95
CB Third Floor;03/02/2019;15;92
CB Third Floor;03/02/2019;16;100
CB Third Floor;03/02/2019;17;101
CB Third Floor;03/02/2019;18;94
CB Third Floor;03/02/2019;19;103
CB Third Floor;03/02/2019;20;107
CB Third Floor;03/02/2019;21;113
CB Third Floor;03/02/2019;22;125
CB Third Floor;04/02/2019;23;123
CB Third Floor;04/02/2019;00;131
CB Third Floor;04/02/2019;01;134
CB Third Floor;04/02/2019;02;135
CB Third Floor;04/02/2019;03;133
CB Third Floor;04/02/2019;04;132
CB Third Floor;04/02/2019;05;143
CB Third Floor;04/02/2019;06;139
CB Third Floor;04/02/2019;07;140
CB Third Floor;04/02/2019;08;155
CB Third Floor;04/02/2019;09;139
CB Third Floor;04/02/2019;10;97
CB Third Floor;04/02/2019;11;86
CB Third Floor;04/02/2019;12;75
CB Third Floor;04/02/2019;13;55
CB Third Floor;04/02/2019;14;61
CB Third Floor;04/02/2019;15;71
CB Third Floor;04/02/2019;16;81
CB Third Floor;04/02/2019;17;100
CB Third Floor;04/02/2019;18;99
CB Third Floor;04/02/2019;19;106
CB Third Floor;04/02/2019;20;114
CB Third Floor;04/02/2019;21;120
CB Third Floor;04/02/2019;22;126
CB Third Floor;05/02/2019;00;127
CB Third Floor;05/02/2019;01;134
CB Third Floor;05/02/2019;02;145
CB Third Floor;05/02/2019;03;136
CB Third Floor;05/02/2019;04;136
CB Third Floor;05/02/2019;05;145
CB Third Floor;05/02/2019;06;139
CB Third Floor;05/02/2019;07;153
CB Third Floor;05/02/2019;08;155
CB Third Floor;05/02/2019;09;136
CB Third Floor;05/02/2019;10;98
CB Third Floor;05/02/2019;11;75
CB Third Floor;05/02/2019;12;65
CB Third Floor;05/02/2019;13;60
CB Third Floor;05/02/2019;14;57
CB Third Floor;05/02/2019;15;63
CB Third Floor;05/02/2019;16;86
CB Third Floor;05/02/2019;17;97
CB Third Floor;05/02/2019;18;99
CB Third Floor;05/02/2019;19;121
CB Third Floor;05/02/2019;20;139
CB Third Floor;05/02/2019;21;138
CB Third Floor;05/02/2019;22;145
CB Third Floor;05/02/2019;23;145
CB Third Floor;06/02/2019;00;153
CB Third Floor;06/02/2019;01;159
CB Third Floor;06/02/2019;02;154
CB Third Floor;06/02/2019;03;156
CB Third Floor;06/02/2019;04;161
CB Third Floor;06/02/2019;05;168
CB Third Floor;06/02/2019;06;162
CB Third Floor;06/02/2019;07;167
CB Third Floor;06/02/2019;08;167
CB Third Floor;06/02/2019;09;124
CB Third Floor;06/02/2019;10;100
CB Third Floor;06/02/2019;11;82
CB Third Floor;06/02/2019;12;72
CB Third Floor;06/02/2019;13;61
CB Third Floor;06/02/2019;14;60
CB Third Floor;06/02/2019;15;64
CB Third Floor;06/02/2019;16;83
CB Third Floor;06/02/2019;17;97
CB Third Floor;06/02/2019;18;90
CB Third Floor;06/02/2019;19;103
CB Third Floor;06/02/2019;20;115
CB Third Floor;06/02/2019;21;117
CB Third Floor;06/02/2019;22;123
CB Third Floor;06/02/2019;23;130
CB Third Floor;07/02/2019;00;140
CB Third Floor;07/02/2019;01;136
CB Third Floor;07/02/2019;02;137
CB Third Floor;07/02/2019;03;146
CB Third Floor;07/02/2019;04;136
CB Third Floor;07/02/2019;05;139
CB Third Floor;07/02/2019;06;136
CB Third Floor;07/02/2019;07;142
CB Third Floor;07/02/2019;08;183
CB Third Floor;07/02/2019;09;124
CB Third Floor;07/02/2019;10;98
CB Third Floor;07/02/2019;11;90
CB Third Floor;07/02/2019;12;79
CB Third Floor;07/02/2019;13;84
CB Third Floor;07/02/2019;14;89
CB Third Floor;07/02/2019;15;97
CB Third Floor;07/02/2019;16;103
CB Third Floor;07/02/2019;17;112
CB Third Floor;07/02/2019;18;92
CB Third Floor;07/02/2019;19;104
CB Third Floor;07/02/2019;20;124
CB Third Floor;07/02/2019;21;144
CB Third Floor;07/02/2019;22;139
CB Third Floor;07/02/2019;23;145
CB Third Floor;08/02/2019;00;152
CB Third Floor;08/02/2019;01;149
CB Third Floor;08/02/2019;02;157
CB Third Floor;08/02/2019;03;153
CB Third Floor;08/02/2019;04;148
CB Third Floor;08/02/2019;05;160
CB Third Floor;08/02/2019;06;158
CB Third Floor;08/02/2019;07;165
CB Third Floor;08/02/2019;08;168
CB Third Floor;08/02/2019;09;121
CB Third Floor;08/02/2019;10;95
CB Third Floor;08/02/2019;11;77
CB Third Floor;08/02/2019;12;65
CB Third Floor;08/02/2019;13;61
CB Third Floor;08/02/2019;14;54
CB Third Floor;08/02/2019;15;68
CB Third Floor;08/02/2019;16;75
CB Third Floor;08/02/2019;17;98
CB Third Floor;08/02/2019;18;97
CB Third Floor;08/02/2019;19;92
CB Third Floor;08/02/2019;20;100
CB Third Floor;08/02/2019;21;106
CB Third Floor;08/02/2019;22;117
CB Third Floor;08/02/2019;23;124
CB Third Floor;09/02/2019;00;134
CB Third Floor;09/02/2019;01;142
CB Third Floor;09/02/2019;02;134
CB Third Floor;09/02/2019;03;150
CB Third Floor;09/02/2019;04;150
CB Third Floor;09/02/2019;05;152
CB Third Floor;09/02/2019;06;146
CB Third Floor;09/02/2019;07;153
CB Third Floor;09/02/2019;08;163
CB Third Floor;09/02/2019;09;123
CB Third Floor;09/02/2019;10;102
CB Third Floor;09/02/2019;11;86
CB Third Floor;09/02/2019;12;72
CB Third Floor;09/02/2019;13;59
CB Third Floor;09/02/2019;14;64
CB Third Floor;09/02/2019;15;77
CB Third Floor;09/02/2019;16;86
CB Third Floor;09/02/2019;17;92
CB Third Floor;09/02/2019;18;89
CB Third Floor;09/02/2019;19;95
CB Third Floor;09/02/2019;20;94
CB Third Floor;09/02/2019;21;104
CB Third Floor;09/02/2019;22;96
CB Third Floor;09/02/2019;23;97
CB Third Floor;10/02/2019;00;93
CB Third Floor;10/02/2019;01;103
CB Third Floor;10/02/2019;02;103
CB Third Floor;10/02/2019;03;106
CB Third Floor;10/02/2019;04;103
CB Third Floor;10/02/2019;05;116
CB Third Floor;10/02/2019;06;109
CB Third Floor;10/02/2019;07;114
CB Third Floor;10/02/2019;08;121
CB Third Floor;10/02/2019;09;119
CB Third Floor;10/02/2019;10;112
CB Third Floor;10/02/2019;11;112
CB Third Floor;10/02/2019;12;114
CB Third Floor;10/02/2019;13;115
CB Third Floor;10/02/2019;14;116
CB Third Floor;10/02/2019;15;117
CB Third Floor;10/02/2019;16;117
CB Third Floor;10/02/2019;17;113
CB Third Floor;10/02/2019;18;106
CB Third Floor;10/02/2019;19;115
CB Third Floor;10/02/2019;20;108
CB Third Floor;10/02/2019;21;112
CB Third Floor;10/02/2019;22;111
CB Third Floor;10/02/2019;23;124
CB Third Floor;11/02/2019;00;130
CB Third Floor;11/02/2019;01;137
CB Third Floor;11/02/2019;02;138
CB Third Floor;11/02/2019;03;148
CB Third Floor;11/02/2019;04;153
CB Third Floor;11/02/2019;05;139
CB Third Floor;11/02/2019;06;122
CB Third Floor;11/02/2019;07;113
CB Third Floor;11/02/2019;08;108
CB Third Floor;11/02/2019;09;88
CB Third Floor;11/02/2019;10;72
CB Third Floor;11/02/2019;11;69
CB Third Floor;11/02/2019;12;64
CB Third Floor;11/02/2019;13;51
CB Third Floor;11/02/2019;14;64
CB Third Floor;11/02/2019;15;58
CB Third Floor;11/02/2019;16;76
CB Third Floor;11/02/2019;17;93
CB Third Floor;11/02/2019;18;88
CB Third Floor;11/02/2019;19;88
CB Third Floor;11/02/2019;20;90
CB Third Floor;11/02/2019;21;105
CB Third Floor;11/02/2019;22;120
CB Third Floor;11/02/2019;23;127
CB Third Floor;12/02/2019;00;134
CB Third Floor;12/02/2019;01;134
CB Third Floor;12/02/2019;02;145
CB Third Floor;12/02/2019;03;153
CB Third Floor;12/02/2019;04;154
CB Third Floor;12/02/2019;05;148
CB Third Floor;12/02/2019;06;150
CB Third Floor;12/02/2019;07;152
CB Third Floor;12/02/2019;08;138
CB Third Floor;12/02/2019;09;105
CB Third Floor;12/02/2019;10;81
CB Third Floor;12/02/2019;11;68
CB Third Floor;12/02/2019;12;54
CB Third Floor;12/02/2019;13;45
CB Third Floor;12/02/2019;14;46
CB Third Floor;12/02/2019;15;80
CB Third Floor;12/02/2019;16;88
CB Third Floor;12/02/2019;17;88
CB Third Floor;12/02/2019;18;79
CB Third Floor;12/02/2019;19;84
CB Third Floor;12/02/2019;20;90
CB Third Floor;12/02/2019;21;102
CB Third Floor;12/02/2019;22;103
CB Third Floor;13/02/2019;23;131
CB Third Floor;13/02/2019;00;111
CB Third Floor;13/02/2019;01;125
CB Third Floor;13/02/2019;02;124
CB Third Floor;13/02/2019;03;126
CB Third Floor;13/02/2019;04;134
CB Third Floor;13/02/2019;05;131
CB Third Floor;13/02/2019;06;131
CB Third Floor;13/02/2019;07;135
CB Third Floor;13/02/2019;08;151
CB Third Floor;13/02/2019;09;113
CB Third Floor;13/02/2019;10;84
CB Third Floor;13/02/2019;11;70
CB Third Floor;13/02/2019;12;53
CB Third Floor;13/02/2019;13;40
CB Third Floor;13/02/2019;14;49
CB Third Floor;13/02/2019;15;55
CB Third Floor;13/02/2019;16;73
CB Third Floor;13/02/2019;17;83
CB Third Floor;13/02/2019;18;84
CB Third Floor;13/02/2019;19;94
CB Third Floor;13/02/2019;20;100
CB Third Floor;13/02/2019;21;117
CB Third Floor;13/02/2019;22;123
CB Third Floor;14/02/2019;00;141
CB Third Floor;14/02/2019;01;145
CB Third Floor;14/02/2019;02;146
CB Third Floor;14/02/2019;03;148
CB Third Floor;14/02/2019;04;151
CB Third Floor;14/02/2019;05;153
CB Third Floor;14/02/2019;06;153
CB Third Floor;14/02/2019;07;160
CB Third Floor;14/02/2019;08;155
CB Third Floor;14/02/2019;09;110
CB Third Floor;14/02/2019;10;78
CB Third Floor;14/02/2019;11;67
CB Third Floor;14/02/2019;12;55
CB Third Floor;14/02/2019;13;52
CB Third Floor;14/02/2019;14;46
CB Third Floor;14/02/2019;15;60
CB Third Floor;14/02/2019;16;74
CB Third Floor;14/02/2019;17;85
CB Third Floor;14/02/2019;18;81
CB Third Floor;14/02/2019;19;84
CB Third Floor;14/02/2019;20;91
CB Third Floor;14/02/2019;21;101
CB Third Floor;14/02/2019;22;104
CB Third Floor;14/02/2019;23;119
CB Third Floor;15/02/2019;00;130
CB Third Floor;15/02/2019;01;135
CB Third Floor;15/02/2019;02;139
CB Third Floor;15/02/2019;03;139
CB Third Floor;15/02/2019;04;134
CB Third Floor;15/02/2019;05;149
CB Third Floor;15/02/2019;06;144
CB Third Floor;15/02/2019;07;142
CB Third Floor;15/02/2019;08;128
CB Third Floor;15/02/2019;09;101
CB Third Floor;15/02/2019;10;76
CB Third Floor;15/02/2019;11;70
CB Third Floor;15/02/2019;12;61
CB Third Floor;15/02/2019;13;56
CB Third Floor;15/02/2019;14;54
CB Third Floor;15/02/2019;15;62
CB Third Floor;15/02/2019;16;63
CB Third Floor;15/02/2019;17;75
CB Third Floor;15/02/2019;18;77
CB Third Floor;15/02/2019;19;86
CB Third Floor;15/02/2019;20;90
CB Third Floor;15/02/2019;21;94
CB Third Floor;15/02/2019;22;96
CB Third Floor;15/02/2019;23;96
CB Third Floor;16/02/2019;00;117
CB Third Floor;16/02/2019;01;108
CB Third Floor;16/02/2019;02;130
CB Third Floor;16/02/2019;03;144
CB Third Floor;16/02/2019;04;150
CB Third Floor;16/02/2019;05;145
CB Third Floor;16/02/2019;06;146
CB Third Floor;16/02/2019;07;145
CB Third Floor;16/02/2019;08;147
CB Third Floor;16/02/2019;09;100
CB Third Floor;16/02/2019;10;88
CB Third Floor;16/02/2019;11;68
CB Third Floor;16/02/2019;12;50
CB Third Floor;16/02/2019;13;42
CB Third Floor;16/02/2019;14;43
CB Third Floor;16/02/2019;15;47
CB Third Floor;16/02/2019;16;68
CB Third Floor;16/02/2019;17;79
CB Third Floor;16/02/2019;18;74
CB Third Floor;16/02/2019;19;82
CB Third Floor;16/02/2019;20;92
CB Third Floor;16/02/2019;21;96
CB Third Floor;16/02/2019;22;90
CB Third Floor;16/02/2019;23;107
CB Third Floor;17/02/2019;00;116
CB Third Floor;17/02/2019;01;132
CB Third Floor;17/02/2019;02;127
CB Third Floor;17/02/2019;03;139
CB Third Floor;17/02/2019;04;141
CB Third Floor;17/02/2019;05;141
CB Third Floor;17/02/2019;06;151
CB Third Floor;17/02/2019;07;154
CB Third Floor;17/02/2019;08;140
CB Third Floor;17/02/2019;09;100
CB Third Floor;17/02/2019;10;77
CB Third Floor;17/02/2019;11;71
CB Third Floor;17/02/2019;12;53
CB Third Floor;17/02/2019;13;41
CB Third Floor;17/02/2019;14;40
CB Third Floor;17/02/2019;15;42
CB Third Floor;17/02/2019;16;66
CB Third Floor;17/02/2019;17;79
CB Third Floor;17/02/2019;18;78
CB Third Floor;17/02/2019;19;81
CB Third Floor;17/02/2019;20;84
CB Third Floor;17/02/2019;21;90
CB Third Floor;17/02/2019;22;97
CB Third Floor;17/02/2019;23;93
CB Third Floor;18/02/2019;00;104
CB Third Floor;18/02/2019;01;118
CB Third Floor;18/02/2019;02;128
CB Third Floor;18/02/2019;03;141
CB Third Floor;18/02/2019;04;143
CB Third Floor;18/02/2019;05;143
CB Third Floor;18/02/2019;06;141
CB Third Floor;18/02/2019;07;143
CB Third Floor;18/02/2019;08;123
CB Third Floor;18/02/2019;09;89
CB Third Floor;18/02/2019;10;78
CB Third Floor;18/02/2019;11;69
CB Third Floor;18/02/2019;12;57
CB Third Floor;18/02/2019;13;52
CB Third Floor;18/02/2019;14;49
CB Third Floor;18/02/2019;15;63
CB Third Floor;18/02/2019;16;73
CB Third Floor;18/02/2019;17;72
CB Third Floor;18/02/2019;18;76
CB Third Floor;18/02/2019;19;77
CB Third Floor;18/02/2019;20;85
CB Third Floor;18/02/2019;21;87
CB Third Floor;18/02/2019;22;87
CB Third Floor;18/02/2019;23;93
CB Third Floor;19/02/2019;00;111
CB Third Floor;19/02/2019;01;117
CB Third Floor;19/02/2019;02;128
CB Third Floor;19/02/2019;03;131
CB Third Floor;19/02/2019;04;139
CB Third Floor;19/02/2019;05;138
CB Third Floor;19/02/2019;06;133
CB Third Floor;19/02/2019;07;146
CB Third Floor;19/02/2019;08;132
CB Third Floor;19/02/2019;09;101
CB Third Floor;19/02/2019;10;76
CB Third Floor;19/02/2019;11;68
CB Third Floor;19/02/2019;12;56
CB Third Floor;19/02/2019;13;51
CB Third Floor;19/02/2019;14;52
CB Third Floor;19/02/2019;15;60
CB Third Floor;19/02/2019;16;71
CB Third Floor;19/02/2019;17;82
CB Third Floor;19/02/2019;18;77
CB Third Floor;19/02/2019;19;81
CB Third Floor;19/02/2019;20;89
CB Third Floor;19/02/2019;21;91
CB Third Floor;19/02/2019;22;89
CB Third Floor;19/02/2019;23;98
CB Third Floor;20/02/2019;00;113
CB Third Floor;20/02/2019;01;125
CB Third Floor;20/02/2019;02;125
CB Third Floor;20/02/2019;03;130
CB Third Floor;20/02/2019;04;137
CB Third Floor;20/02/2019;05;141
CB Third Floor;20/02/2019;06;141
CB Third Floor;20/02/2019;07;135
CB Third Floor;20/02/2019;08;141
CB Third Floor;20/02/2019;09;109
CB Third Floor;20/02/2019;10;89
CB Third Floor;20/02/2019;11;65
CB Third Floor;20/02/2019;12;55
CB Third Floor;20/02/2019;13;47
CB Third Floor;20/02/2019;14;55
CB Third Floor;20/02/2019;15;63
CB Third Floor;20/02/2019;16;74
CB Third Floor;20/02/2019;17;86
CB Third Floor;20/02/2019;18;86
CB Third Floor;20/02/2019;19;91
CB Third Floor;20/02/2019;20;99
CB Third Floor;20/02/2019;21;101
CB Third Floor;20/02/2019;22;107
CB Third Floor;20/02/2019;23;122
CB Third Floor;21/02/2019;00;137
CB Third Floor;21/02/2019;01;138
CB Third Floor;21/02/2019;02;148
CB Third Floor;21/02/2019;03;148
CB Third Floor;21/02/2019;04;144
CB Third Floor;21/02/2019;05;159
CB Third Floor;21/02/2019;06;153
CB Third Floor;21/02/2019;07;152
CB Third Floor;21/02/2019;08;137
CB Third Floor;21/02/2019;09;96
CB Third Floor;21/02/2019;10;77
CB Third Floor;21/02/2019;11;65
CB Third Floor;21/02/2019;12;52
CB Third Floor;21/02/2019;13;50
CB Third Floor;21/02/2019;14;52
CB Third Floor;21/02/2019;15;60
CB Third Floor;21/02/2019;16;72
CB Third Floor;21/02/2019;17;75
CB Third Floor;21/02/2019;18;77
CB Third Floor;21/02/2019;19;83
CB Third Floor;21/02/2019;20;90
CB Third Floor;21/02/2019;21;93
CB Third Floor;21/02/2019;22;95
CB Third Floor;21/02/2019;23;108
CB Third Floor;22/02/2019;00;115
CB Third Floor;22/02/2019;01;117
CB Third Floor;22/02/2019;02;130
CB Third Floor;22/02/2019;03;130
CB Third Floor;22/02/2019;04;128
CB Third Floor;22/02/2019;05;135
CB Third Floor;22/02/2019;06;134
CB Third Floor;22/02/2019;07;140
CB Third Floor;22/02/2019;08;110
CB Third Floor;22/02/2019;09;86
CB Third Floor;22/02/2019;10;69
CB Third Floor;22/02/2019;11;68
CB Third Floor;22/02/2019;12;63
CB Third Floor;22/02/2019;13;53
CB Third Floor;22/02/2019;14;44
CB Third Floor;22/02/2019;15;47
CB Third Floor;22/02/2019;16;61
CB Third Floor;22/02/2019;17;61
CB Third Floor;22/02/2019;18;70
CB Third Floor;22/02/2019;19;73
CB Third Floor;22/02/2019;20;74
CB Third Floor;22/02/2019;21;82
CB Third Floor;22/02/2019;22;86
CB Third Floor;22/02/2019;23;87
CB Third Floor;23/02/2019;00;96
CB Third Floor;23/02/2019;01;100
CB Third Floor;23/02/2019;02;104
CB Third Floor;23/02/2019;03;110
CB Third Floor;23/02/2019;04;102
CB Third Floor;23/02/2019;05;100
CB Third Floor;23/02/2019;06;105
CB Third Floor;23/02/2019;07;111
CB Third Floor;23/02/2019;08;132
CB Third Floor;23/02/2019;09;120
CB Third Floor;23/02/2019;10;119
CB Third Floor;23/02/2019;11;112
CB Third Floor;23/02/2019;12;98
CB Third Floor;23/02/2019;13;93
CB Third Floor;23/02/2019;14;83
CB Third Floor;23/02/2019;15;70
CB Third Floor;23/02/2019;16;89
CB Third Floor;23/02/2019;17;99
CB Third Floor;23/02/2019;18;101
CB Third Floor;23/02/2019;19;111
CB Third Floor;23/02/2019;20;135
CB Third Floor;23/02/2019;21;140
CB Third Floor;23/02/2019;22;148
CB Third Floor;23/02/2019;23;159
CB Third Floor;24/02/2019;00;154
CB Third Floor;24/02/2019;01;166
CB Third Floor;24/02/2019;02;161
CB Third Floor;24/02/2019;03;157
CB Third Floor;24/02/2019;04;178
CB Third Floor;24/02/2019;05;168
CB Third Floor;24/02/2019;06;176
CB Third Floor;24/02/2019;07;177
CB Third Floor;24/02/2019;08;165
CB Third Floor;24/02/2019;09;131
CB Third Floor;24/02/2019;10;102
CB Third Floor;24/02/2019;11;87
CB Third Floor;24/02/2019;12;62
CB Third Floor;24/02/2019;13;60
CB Third Floor;24/02/2019;14;52
CB Third Floor;24/02/2019;15;85
CB Third Floor;24/02/2019;16;89
CB Third Floor;24/02/2019;17;94
CB Third Floor;24/02/2019;18;92
CB Third Floor;24/02/2019;19;103
CB Third Floor;24/02/2019;20;124
CB Third Floor;24/02/2019;21;122
CB Third Floor;24/02/2019;22;124
CB Third Floor;24/02/2019;23;135
CB Third Floor;25/02/2019;00;142
CB Third Floor;25/02/2019;01;150
CB Third Floor;25/02/2019;02;160
CB Third Floor;25/02/2019;03;161
CB Third Floor;25/02/2019;04;170
CB Third Floor;25/02/2019;05;162
CB Third Floor;25/02/2019;06;159
CB Third Floor;25/02/2019;07;164
CB Third Floor;25/02/2019;08;134
CB Third Floor;25/02/2019;09;95
CB Third Floor;25/02/2019;10;72
CB Third Floor;25/02/2019;11;76
CB Third Floor;25/02/2019;12;56
CB Third Floor;25/02/2019;13;48
CB Third Floor;25/02/2019;14;43
CB Third Floor;25/02/2019;15;57
CB Third Floor;25/02/2019;16;65
CB Third Floor;25/02/2019;17;70
CB Third Floor;25/02/2019;18;66
CB Third Floor;25/02/2019;19;76
CB Third Floor;25/02/2019;20;77
CB Third Floor;25/02/2019;21;90
CB Third Floor;25/02/2019;22;84
CB Third Floor;25/02/2019;23;91
CB Third Floor;26/02/2019;00;98
CB Third Floor;26/02/2019;01;101
CB Third Floor;26/02/2019;02;116
CB Third Floor;26/02/2019;03;116
CB Third Floor;26/02/2019;04;126
CB Third Floor;26/02/2019;05;121
CB Third Floor;26/02/2019;06;122
CB Third Floor;26/02/2019;07;129
CB Third Floor;26/02/2019;08;118
CB Third Floor;26/02/2019;09;102
CB Third Floor;26/02/2019;10;76
CB Third Floor;26/02/2019;11;54
CB Third Floor;26/02/2019;12;49
CB Third Floor;26/02/2019;13;49
CB Third Floor;26/02/2019;14;62
CB Third Floor;26/02/2019;15;49
CB Third Floor;26/02/2019;16;66
CB Third Floor;26/02/2019;17;64
CB Third Floor;26/02/2019;18;56
CB Third Floor;26/02/2019;19;70
CB Third Floor;26/02/2019;20;84
CB Third Floor;26/02/2019;21;80
CB Third Floor;26/02/2019;22;79
CB Third Floor;26/02/2019;23;78
CB Third Floor;27/02/2019;00;85
CB Third Floor;27/02/2019;01;87
CB Third Floor;27/02/2019;02;88
CB Third Floor;27/02/2019;03;90
CB Third Floor;27/02/2019;04;93
CB Third Floor;27/02/2019;05;95
CB Third Floor;27/02/2019;06;94
CB Third Floor;27/02/2019;07;101
CB Third Floor;27/02/2019;08;104
CB Third Floor;27/02/2019;09;73
CB Third Floor;27/02/2019;10;70
CB Third Floor;27/02/2019;11;68
CB Third Floor;27/02/2019;12;59
CB Third Floor;27/02/2019;13;51
CB Third Floor;27/02/2019;14;44
CB Third Floor;27/02/2019;15;40
CB Third Floor;27/02/2019;16;51
CB Third Floor;27/02/2019;17;52
CB Third Floor;27/02/2019;18;52
CB Third Floor;27/02/2019;19;57
CB Third Floor;27/02/2019;20;61
CB Third Floor;27/02/2019;21;73
CB Third Floor;27/02/2019;22;73
CB Third Floor;27/02/2019;23;79
CB Third Floor;28/02/2019;00;83
CB Third Floor;28/02/2019;01;86
CB Third Floor;28/02/2019;02;89
CB Third Floor;28/02/2019;03;101
CB Third Floor;28/02/2019;04;104
CB Third Floor;28/02/2019;05;99
CB Third Floor;28/02/2019;06;104
CB Third Floor;28/02/2019;07;102
CB Third Floor;28/02/2019;08;108
CB Third Floor;28/02/2019;09;81
CB Third Floor;28/02/2019;10;71
CB Third Floor;28/02/2019;11;62
CB Third Floor;28/02/2019;12;54
CB Third Floor;28/02/2019;13;50
CB Third Floor;28/02/2019;14;45
CB Third Floor;28/02/2019;15;44
CB Third Floor;28/02/2019;16;55
CB Third Floor;28/02/2019;17;57
CB Third Floor;28/02/2019;18;59
CB Third Floor;28/02/2019;19;59
CB Third Floor;28/02/2019;20;68
CB Third Floor;28/02/2019;21;73
CB Third Floor;28/02/2019;22;78
CB Third Floor;28/02/2019;23;80
